<environmentvariabledefinition schemaname="so_GitHubOwner">
  <description default="Owner of the GitHub repository">
    <label description="Owner of the GitHub repository" languagecode="1033" />
  </description>
  <displayname default="GitHub Owner">
    <label description="GitHub Owner" languagecode="1033" />
  </displayname>
  <introducedversion>1.0.0.0</introducedversion>
  <iscustomizable>1</iscustomizable>
  <isrequired>0</isrequired>
  <secretstore>0</secretstore>
  <type>100000000</type>
</environmentvariabledefinition>