<ImportExportXml xmlns:xsi="http://www.w3.org/2001/XMLSchema-instance" OrganizationVersion="9.2.25022.172" OrganizationSchemaType="Standard" CRMServerServiceabilityVersion="9.2.25022.00172">
  <Entities></Entities>
  <Roles></Roles>
  <Workflows></Workflows>
  <FieldSecurityProfiles></FieldSecurityProfiles>
  <Templates />
  <EntityMaps />
  <EntityRelationships />
  <OrganizationSettings />
  <optionsets />
  <CustomControls />
  <EntityDataProviders />
  <Connectors>
    <Connector>
      <connectorid>3359d502-7baa-4704-b86f-424164e3b33e</connectorid>
      <description>GitHub API Connector for demoteamas</description>
      <displayname>GitHub Connector</displayname>
      <iconbrandcolor>#007ee5</iconbrandcolor>
      <name>so_github-20connector</name>
      <connectortype>1</connectortype>
      <openapidefinition>/Connector/so_github-20connector_openapidefinition.json</openapidefinition>
      <connectionparameters>/Connector/so_github-20connector_connectionparameters.json</connectionparameters>
      <policytemplateinstances>/Connector/so_github-20connector_policytemplateinstances.json</policytemplateinstances>
      <iconblob>/Connector/so_github-20connector_iconblob.Png</iconblob>
    </Connector>
  </Connectors>
  <Languages>
    <Language>1033</Language>
  </Languages>
</ImportExportXml>