<environmentvariabledefinition schemaname="so_GitHubRepo">
  <description default="Repository which holds static web app configuration">
    <label description="Repository which holds static web app configuration" languagecode="1033" />
  </description>
  <displayname default="GitHub Repo">
    <label description="GitHub Repo" languagecode="1033" />
  </displayname>
  <introducedversion>1.0.0.0</introducedversion>
  <iscustomizable>1</iscustomizable>
  <isrequired>0</isrequired>
  <secretstore>0</secretstore>
  <type>100000000</type>
</environmentvariabledefinition>