<environmentvariabledefinition schemaname="so_GitHubEmail">
  <description default="This environment variable is the email associate with commits">
    <label description="This environment variable is the email associate with commits" languagecode="1033" />
  </description>
  <displayname default="GitHub Email">
    <label description="GitHub Email" languagecode="1033" />
  </displayname>
  <introducedversion>1.0.0.0</introducedversion>
  <iscustomizable>1</iscustomizable>
  <isrequired>0</isrequired>
  <secretstore>0</secretstore>
  <type>100000000</type>
</environmentvariabledefinition>