<environmentvariabledefinition schemaname="so_GitHubCommitName">
  <description default="This environment variable is the email address associated with the commit message">
    <label description="This environment variable is the email address associated with the commit message" languagecode="1033" />
  </description>
  <displayname default="GitHub Commit Name">
    <label description="GitHub Commit Name" languagecode="1033" />
  </displayname>
  <introducedversion>1.0.0.0</introducedversion>
  <iscustomizable>1</iscustomizable>
  <isrequired>0</isrequired>
  <secretstore>0</secretstore>
  <type>100000000</type>
</environmentvariabledefinition>