{
  "properties": {
    "connectionReferences": {
      "shared_github-20connector-5f18b49617d0332b8b-5f62eb4d57bc5d107e-1": {
        "runtimeSource": "embedded",
        "connection": {
          "connectionReferenceLogicalName": "new_sharedgithub20connector5f18b49617d0332b8b5f62eb4d57bc5d107e_9afdd"
        },
        "api": {
          "name": "shared_github-20connector-5f18b49617d0332b8b-5f62eb4d57bc5d107e",
          "logicalName": "so_github-20connector"
        }
      },
      "shared_commondataserviceforapps": {
        "runtimeSource": "embedded",
        "connection": {
          "connectionReferenceLogicalName": "new_sharedcommondataserviceforapps_48d44"
        },
        "api": {
          "name": "shared_commondataserviceforapps"
        }
      }
    },
    "definition": {
      "$schema": "https://schema.management.azure.com/providers/Microsoft.Logic/schemas/2016-06-01/workflowdefinition.json#",
      "contentVersion": "undefined",
      "parameters": {
        "$connections": {
          "defaultValue": {},
          "type": "Object"
        },
        "$authentication": {
          "defaultValue": {},
          "type": "SecureObject"
        },
        "GitHub Repo (so_GitHubRepo)": {
          "defaultValue": "PowerAppLaunch",
          "type": "String",
          "metadata": {
            "schemaName": "so_GitHubRepo",
            "description": "Repository which holds static web app configuration"
          }
        },
        "GitHub Owner (so_GitHubOwner)": {
          "defaultValue": "shammyowens",
          "type": "String",
          "metadata": {
            "schemaName": "so_GitHubOwner",
            "description": "Owner of the GitHub repository"
          }
        }
      },
      "triggers": {
        "When_any_link_is_changed": {
          "metadata": {
            "operationMetadataId": "3f31232e-c926-41e6-b130-834c3c6bcb2f"
          },
          "type": "OpenApiConnectionWebhook",
          "inputs": {
            "host": {
              "connectionName": "shared_commondataserviceforapps",
              "operationId": "SubscribeWebhookTrigger",
              "apiId": "/providers/Microsoft.PowerApps/apis/shared_commondataserviceforapps"
            },
            "parameters": {
              "subscriptionRequest/message": 7,
              "subscriptionRequest/entityname": "so_link",
              "subscriptionRequest/scope": 4
            },
            "authentication": "@parameters('$authentication')"
          }
        }
      },
      "actions": {
        "Get_Repository_Content": {
          "runAfter": {
            "Routes": [
              "Succeeded"
            ]
          },
          "metadata": {
            "operationMetadataId": "07a1e93c-f037-493a-af20-54d1d2bd1ab9"
          },
          "type": "OpenApiConnection",
          "inputs": {
            "host": {
              "connectionName": "shared_github-20connector-5f18b49617d0332b8b-5f62eb4d57bc5d107e-1",
              "operationId": "GetRepositoryContent",
              "apiId": ""
            },
            "parameters": {
              "owner": "@parameters('GitHub Owner (so_GitHubOwner)')",
              "repo": "@parameters('GitHub Repo (so_GitHubRepo)')",
              "path": "staticwebapp.config.json"
            },
            "authentication": "@parameters('$authentication')"
          }
        },
        "Update_File_Contents": {
          "runAfter": {
            "Close_string": [
              "Succeeded"
            ]
          },
          "metadata": {
            "operationMetadataId": "2853f164-f46a-4a89-9352-d2356d1553b0"
          },
          "type": "OpenApiConnection",
          "inputs": {
            "host": {
              "connectionName": "shared_github-20connector-5f18b49617d0332b8b-5f62eb4d57bc5d107e-1",
              "operationId": "UpdateFileContents",
              "apiId": ""
            },
            "parameters": {
              "owner": "@parameters('GitHub Owner (so_GitHubOwner)')",
              "repo": "@parameters('GitHub Repo (so_GitHubRepo)')",
              "path": "staticwebapp.config.json",
              "body/message": "Update",
              "body/content": "@base64(variables('Routes'))",
              "body/sha": "@outputs('Get_Repository_Content')?['body/sha']",
              "body/branch": "main",
              "body/committer/name": "Sam",
              "body/committer/email": "so@demo.teamas.uk",
              "body/committer/author/name": "Sam",
              "body/committer/author/email": "so@demo.teamas.uk"
            },
            "authentication": "@parameters('$authentication')"
          }
        },
        "Get_links": {
          "runAfter": {
            "Get_Repository_Content": [
              "Succeeded"
            ]
          },
          "metadata": {
            "operationMetadataId": "f420bbf5-414d-4d00-9944-f0795247a6cb"
          },
          "type": "OpenApiConnection",
          "inputs": {
            "host": {
              "connectionName": "shared_commondataserviceforapps",
              "operationId": "ListRecords",
              "apiId": "/providers/Microsoft.PowerApps/apis/shared_commondataserviceforapps"
            },
            "parameters": {
              "entityName": "so_links",
              "$select": "so_code, so_name, so_url"
            },
            "authentication": "@parameters('$authentication')"
          }
        },
        "Apply_to_each": {
          "foreach": "@outputs('Get_links')?['body/value']",
          "actions": {
            "Append_to_string_variable": {
              "runAfter": {},
              "metadata": {
                "operationMetadataId": "e5059498-c3fa-4845-af78-50cef007dc12"
              },
              "type": "AppendToStringVariable",
              "inputs": {
                "name": "Routes",
                "value": "   {\"route\": \"@{item()?['so_code']}\",\n        \"redirect\": \"@{item()?['so_url']}\",\n        \"statusCode\": 302},"
              }
            }
          },
          "runAfter": {
            "Get_links": [
              "Succeeded"
            ]
          },
          "metadata": {
            "operationMetadataId": "07a5cdf3-8b25-42a5-a20f-f5573872e72b"
          },
          "type": "Foreach"
        },
        "Routes": {
          "runAfter": {},
          "metadata": {
            "operationMetadataId": "90f695ba-cead-4162-b901-c7ad4396d2fd"
          },
          "type": "InitializeVariable",
          "inputs": {
            "variables": [
              {
                "name": "Routes",
                "type": "string",
                "value": "{\n    \"routes\": ["
              }
            ]
          }
        },
        "Remove_last_comma": {
          "runAfter": {
            "Compose": [
              "Succeeded"
            ]
          },
          "metadata": {
            "operationMetadataId": "2cbed13e-74d3-40fe-ab8b-9d3264a2d465"
          },
          "type": "Compose",
          "inputs": "@substring(variables('Routes'), 0, sub(length(variables('Routes')), 1))"
        },
        "Close_string": {
          "runAfter": {
            "Set_Routes": [
              "Succeeded"
            ]
          },
          "metadata": {
            "operationMetadataId": "794ce754-0a92-4295-b3f6-9f4313c84d8c"
          },
          "type": "AppendToStringVariable",
          "inputs": {
            "name": "Routes",
            "value": " ]\n  }"
          }
        },
        "Compose": {
          "runAfter": {
            "Apply_to_each": [
              "Succeeded"
            ]
          },
          "metadata": {
            "operationMetadataId": "11ae03ab-9dde-41c0-81f7-e8dfaa514444"
          },
          "type": "Compose",
          "inputs": "@variables('Routes')"
        },
        "Set_Routes": {
          "runAfter": {
            "Remove_last_comma": [
              "Succeeded"
            ]
          },
          "metadata": {
            "operationMetadataId": "1684c115-9956-48ea-9917-18d5458f1909"
          },
          "type": "SetVariable",
          "inputs": {
            "name": "Routes",
            "value": "@outputs('Remove_last_comma')"
          }
        }
      }
    },
    "templateName": ""
  },
  "schemaVersion": "1.0.0.0"
}